Model,Test Loss,Accuracy,Precision,Recall,F1-score,AUC,TN,FP,FN,TP,FPR,FNR,Prediction Time (s),Prediction Time per Sample (ms)
Text + Structural + Char,0.038826080718998075,0.9949598847973667,0.9993964996982498,0.9908256880733946,0.9950926389584377,0.99893687649094,4705,3,46,4968,0.000637213254035684,0.009174311926605505,0.4806988600025761,0.049444441473212926
