Model,Test Loss,Accuracy,Precision,Recall,F1-score,AUC,TN,FP,FN,TP,FPR,FNR,Prediction Time (s),Prediction Time per Sample (ms)
Text + Structural + Char,0.003672055772648975,0.999218872051242,0.9995427526291724,0.9981735159817352,0.9988576650673978,0.9999902408239347,4210,1,4,2186,0.00023747328425552126,0.0018264840182648401,0.32992059400055496,0.05154203936893531
